"","wc2.1_5m_bio_1","wc2.1_5m_bio_4","wc2.1_5m_bio_5","wc2.1_5m_bio_6","wc2.1_5m_bio_12","wc2.1_5m_bio_13","wc2.1_5m_bio_14","wc2.1_5m_bio_15"
"mean",12.1966877712124,740.682668212501,29.2525407946298,-4.30049192167035,918.758514753011,132.967803072163,33.7181677533429,47.6220654705767
"median",10.9523544311523,814.746459960938,30.1270008087158,-6.66950011253357,788,106,20,47.8210334777832
"var",55.5829765168741,126131.165587532,22.0949611899848,133.358692166709,432669.986993678,9199.20840201627,1076.18818130516,674.092101092519
"sd",7.45539915208261,355.149497518343,4.70052775653807,11.5481034012823,657.776547920095,95.9125038877427,32.8053072124795,25.9632837116671
"max",29.0754585266113,1407.02197265625,43.0799980163574,23.3579998016357,6070,936,300,191.071807861328
"min",-4.68666648864746,9.05603408813477,7.93100023269653,-26.1949996948242,81,13,0,5.47054576873779
